time,open,high,low,close,Volume
1584106200,187.07,194.48,178.13,192.34,134881981
1584365400,174.15,184.68,169.16,169.3,92054386
1584451800,175.47,184.39,169.78,182.14,121257108
1584538200,171.605,179.22,166.8,176.6,114156320
1584624600,175.69,183.49,171.63,177.66,120896481
1584711000,181.74,182.87,170.1,170.7,118983891
1584970200,170.92,174.21,164.93,170.46,124639782
1585056600,179.91,183.83,177.95,183.66,94881785
1585143000,184.42,189.51,179.98,182.3,88754909
1585229400,183.87,192.72,183.61,191.9,79887564
1585315800,186.93,190.5149,184.66,185.3,58844975
1585575000,187.1,192.49,186.3406,192.04,49356936
1585661400,191.53,195.25,189.2,190.4,62659265
1585747800,184.81,187.66,180.86,182.31,53715375
1585834200,181.59,190.1,180.97,186.01,56465348
1585920600,185.5,187.0716,181.29,183.37,47487621
1586179800,190.38,197.65,189.19,196.48,64763518
1586266200,202.14,202.66,196,196.4,69904478
1586352600,198.0835,201.17,196.1733,200.57,45940439
1586439000,202.27,203.22,199.0281,200.86,68323929
1586784600,199.92,203.42,198.75,203.03,42853948
1586871000,207.17,212.5,206.42,211.86,63959563
1586957400,208.48,211.8338,207.12,209.43,47035953
1587043800,211.78,214.369,209.69,213.25,64657362
1587130200,215.96,216.51,212.0801,215.29,62863223
1587389400,213.27,215.88,212.57,212.74,38249128
1587475800,210.63,211.16,203.63,204.89,72932771
1587562200,209.14,212.35,208.33,210.97,40188772
1587648600,211.8,214.435,210.095,210.52,43278542
1587735000,210.94,214.3,209.5,213.84,34303365
1587994200,216.18,216.63,214.5,215.56,36451698
1588080600,217.27,217.32,211.21,211.5,46862816
1588167000,216.21,219.97,215.14,219,48716406
1588253400,220.01,220.04,217.35,218.91,43359476
1588339800,214.54,216.67,211.68,212.74,48794968
1588599000,211.61,215.45,211.12,215.22,32841020
1588685400,217.4,220.14,216.85,217.66,37783075
1588771800,219.37,221.04,218.11,219,36455218
1588858200,221.75,222.73,220.42,221.82,38624836
1588944600,223.55,225,222.48,224.86,31964416
1589203800,223.5,227.93,223.25,226.87,35714128
1589290200,227.48,228.095,222.09,222.12,41054123
1589376600,222.65,224.61,216.71,219.34,65521208
1589463000,218.12,221.87,215.99,221.83,51549345
1589549400,218.77,223.33,218.33,223.27,55747208
1589808600,226.28,228.68,225.47,227.43,42597551
1589895000,227.66,229.85,226.71,226.86,36237303
1589981400,229.48,231.76,229.48,231.39,37417000
1590067800,231.49,232.135,228.34,228.87,43642908
1590154200,228.46,229.87,227.5,229.66,28762389
1590499800,233.44,233.57,228.79,229.04,33055346
1590586200,228.51,230.41,223.94,230.29,55665565
1590672600,229.05,233.47,229.05,229.99,43008478
1590759000,230.43,233.6,228.76,233.36,50878596
1591018200,232.4,234.45,232,234.06,26140125
1591104600,234.42,235.69,232.01,235.63,33383415
1591191000,236.23,237.47,235.35,236.69,37228701
1591277400,236.32,237.79,233.68,235.03,38716097
1591363800,236.06,240.297,235.63,239.69,47365569
1591623000,239.54,241.68,237.91,241.55,32937305
1591709400,240.66,244.18,240.47,243.3,35046254
1591795800,245,247.815,244.51,246.22,58084410
1591882200,242.29,243.59,233.96,234.02,72919442
1591968600,239.09,240.4,231.74,235.88,72034787
1592227800,232.44,239.45,231.47,238.75,45307371
1592314200,243.78,244.39,239.1,242.85,48890095
1592400600,244.4,245.5,242.73,243.62,34749268
1592487000,243.29,244.53,242.49,244.28,30578648
1592573400,246.74,247,242.45,244.24,49422112
1592832600,243.77,246.87,243.38,246.74,24068676
1592919000,248.39,251.15,247.82,248.84,32767370
1593005400,247.99,249.325,242.16,243.71,46032376
1593091800,243.91,246.34,241.14,246.03,36940811
1593178200,245.75,245.96,239.68,240.22,52824554
1593437400,239.98,242.85,237.35,242.84,34377800
1593523800,242.77,248.16,242.58,247.6,38909219
1593610200,247.66,251.52,247.0802,250.49,34689213
1593696600,252.97,254.27,251.71,252.19,31956497
1594042200,255.46,258.928,255.43,258.39,34589049
1594128600,258.1,260.88,256.3,256.61,36578191
1594215000,258,260.02,256.5,259.99,30426273
1594301400,261.89,262.87,257.63,262.18,40312906
1594387800,262,264.23,259.26,263.97,32885298
1594647000,266.87,269.79,257.69,258.54,64108090
1594733400,256.07,260.79,252.76,260.37,72230512
1594819800,261.68,262.69,257.49,260.9,54523869
1594906200,257.97,259.78,255.62,259.12,47594111
1594992600,259.71,260.31,257.17,259.42,35137871
1595251800,260.12,267.43,258.79,266.78,40610128
1595338200,268.41,268.41,263.125,264,43442967
1595424600,264.46,265.89,262.55,264.93,29865519
1595511000,264.55,265.24,256.55,258.01,51363538
1595597400,254.12,256.93,251.32,255.56,54054536
1595856600,257.36,260.52,256.445,260.12,36445741
1595943000,259.33,259.85,256.51,256.81,31302390
1596029400,258.33,260.66,257.91,259.77,27556884
1596115800,257.78,261.71,256.55,261.13,41774456
1596202200,265.83,265.95,260.85,265.79,53756159
1596461400,268.05,270.15,267.87,269.38,32081566
1596547800,268.74,270.48,268.09,270.38,24911286
1596634200,270.83,271.52,269.96,271.05,21685921
1596720600,270.78,274.98,270.19,274.64,28048224
1596807000,274.04,274.8818,269.245,271.47,44969356
1597066200,271.74,271.98,266.67,270.31,35088373
1597152600,269.1,270.44,264.63,265.19,43104323
1597239000,267.37,272.84,267.37,271.86,38894272
1597325400,272.64,274.83,271.51,272.48,31895717
1597411800,273.01,273.4,270.72,272.16,30799494
1597671000,273.91,275.84,272.1978,275.32,24802966
1597757400,276.41,278.465,274.91,277.97,23529498
1597843800,277.93,279.02,275.57,276.1,31999359
1597930200,275.3,280.43,274.86,279.93,27723379
1598016600,280.07,282.34,279.461,281.87,34748934
1598275800,285.06,286,281.27,283.63,36418533
1598362200,282.78,286.06,282.37,285.86,34866586
1598448600,287.11,292.22,285.829,291.96,42216690
1598535000,293.08,293.851,288.705,291.05,49482715
1598621400,292.27,293.18,290.93,292.53,28021022
1598880600,293.16,296.745,292.62,294.88,36321027
1598967000,297.6,300.04,295.79,299.92,36395774
1599053400,303.26,303.5,296.89,302.76,50836767
1599139800,298.2,298.62,284.41,287.41,110083282
1599226200,285.76,288.93,271.8,283.58,123958978
1599571800,272.27,278.22,269.66,269.95,99568645
1599658200,275.54,280.045,273,277.88,64837872
1599744600,280.97,282.195,270.56,272.34,69667462
1599831000,274.33,275.22,266.9,270.45,71809014
1600090200,274.28,277.22,272.96,275.16,38525194
1600176600,278.9,280.45,275.1332,279.06,41849926
1600263000,279.77,280.36,274.25,274.61,42435626
1600349400,267.52,274.3955,266.68,270.32,81570844
1600435800,271.62,272.09,262.63,266.87,86251117
1600695000,262.52,267.65,260.11,267.51,57168570
1600781400,270.05,273.08,266.54,272.48,41128886
1600867800,272.15,272.34,263.2502,264.16,48837270
1600954200,261.58,268.7,261.22,265.39,70631704
1601040600,265.82,272.395,264.2999,271.56,55242376
1601299800,276.615,277.2,271.674,277.2,58438286
1601386200,276.72,277.71,275.3719,275.95,27178921
1601472600,276.09,281.09,275.8717,277.84,49380802
1601559000,281.79,282.8794,279.84,282.25,50020223
1601645400,276.01,282.2412,273.44,274.31,75497391
1601904600,276.34,280.49,276.23,280.16,28184581
1601991000,279.29,281.19,274.25,275.16,49704236
1602077400,277.83,280.74,277.28,279.92,27539663
1602163800,282.32,282.47,280.31,281.41,25443287
1602250200,283.09,285.79,282.71,285.71,30201144
1602509400,290.6,297.46,289.47,294.53,79370657
1602595800,296.34,297.0496,293.11,294.52,64240031
1602682200,295.32,296.35,290.26,292.06,37181227
1602768600,287.25,290.71,286.54,290.1,42514177
1602855000,291.8,293.269,288.15,288.51,40570702
1603114200,290.49,291.48,282.79,283.8,36756754
1603200600,284.56,287.62,282.95,284.41,32195361
1603287000,284.67,287.32,283.69,284.19,29306137
1603373400,285.05,285.98,280.82,284.18,32196162
1603459800,284.79,284.91,281.7818,284.74,24658542
1603719000,282.32,285.3,276.76,280.47,38421094
1603805400,281.42,283.505,280.2,282.66,30559123
1603891800,278.13,278.6401,271.38,271.64,53413523
1603978200,273.04,279.49,272.52,276.39,43246302
1604064600,274.375,275.24,267.07,269.38,65935893
1604327400,271.73,273.52,266.97,269.98,39987409
1604413800,271.86,276.82,270.84,274.65,43604145
1604500200,283.56,288.77,281.87,286.91,75728206
1604586600,293.41,295.39,292,294.39,52054186
1604673000,293.58,295.36,289.83,294.61,40959764
1604932200,297.31,299.14,288.12,288.59,86537071
1605018600,285.26,286.6599,280.62,283.42,69024878
1605105000,285.92,290.25,283.38,289.76,36102931
1605191400,290.72,292.074,287.25,288.4,34516826
1605277800,290.01,291.57,287.8701,290.93,24880582
1605537000,290.68,293.51,289.99,293.2,30168361
1605623400,293.4,293.74,291.61,292.27,21843463
1605709800,291.7,293.37,290.02,290.11,28069619
1605796200,289.48,292.7,288.85,292.38,22718422
1605882600,292.3,293.065,290.29,290.38,25907308
1606141800,291.41,292.75,288.07,290.39,26875588
1606228200,291.49,294.98,289.63,294.47,24516791
1606314600,295.44,296.94,294.59,296.28,23326826
1606487400,298.29,300.17,297.9,299.01,17163115
1606746600,299.3,299.97,294.78,299.62,27836232
1606833000,301.87,305.14,300.83,303.46,27642640
1606919400,302.22,304.195,300.35,303.85,23620003
1607005800,304.07,305.88,303.531,304.28,22828727
1607092200,304.33,305.67,303.63,305.52,19332081
1607351400,305.71,307.63,305.52,307.25,20850969
1607437800,306.76,308.6,304.95,308.29,18341464
1607524200,308.07,308.36,300.21,301.31,48839306
1607610600,299.21,303.68,298.09,302.52,27519544
1607697000,300.81,301.98,298.47,301.85,26760416
1607956200,303.08,306.05,303.01,304.04,28804832
1608042600,306.37,307.29,304.11,307.29,25790455
1608129000,307.7,309.785,306.621,308.98,25461890
1608215400,310.63,311.24,309.39,311,23730524
1608301800,311.66,311.98,307.61,310.06,41173392
1608561000,306.46,309.47,303.6,308.92,37095480
1608647400,309.85,310.7105,306.845,309.76,26378343
1608733800,309.81,310.18,308.035,308.2,21201280
1608820200,308.47,310.02,308.39,309.56,16784997
1609165800,312.25,313.17,310.36,312.68,22497745
1609252200,314.05,314.685,312.03,312.96,25871925
1609338600,314.16,314.49,312.33,312.97,18138071
1609425000,312.87,314.24,311.76,313.74,21611412
1609770600,315.11,315.29,305.18,309.31,45305898
1609857000,308.29,312.14,308.29,311.86,29323409
1609943400,307,311.88,305.98,307.54,52809622
1610029800,310.28,315.84,310.25,314.98,30394826
1610116200,317.34,319.39,315.0814,319.03,33955847
1610375400,315.98,317.19,313.75,314.42,32869095
1610461800,314.46,315.58,311.2,313.92,29266762
1610548200,314.19,316.86,313.57,316.04,22898417
1610634600,316.5,317.53,313.8616,314.35,23500129
1610721000,314.13,315.12,310.58,311.86,35118718
1611066600,314.25,316.93,313.12,316.41,24537049
1611153000,320.14,324.74,316.509,323.77,30728096
1611239400,325.15,327.13,323.73,326.36,25316935
1611325800,325.29,326.46,324.71,325.42,21609444
1611585000,328.91,330.32,321.41,328.11,39080644
1611671400,328.85,329.76,327.22,328.59,25498112
1611757800,326.26,326.27,317.36,319.43,55263985
1611844200,320.67,326.42,320.03,321.32,42836324
1611930600,319.58,320.7193,312.76,314.56,55259018
1612189800,318.11,323.54,316.02,322.42,35646008
1612276200,325.48,328.87,325.31,327.68,33930844
1612362600,329.82,330.195,326.32,326.38,24824518
1612449000,327.82,330.33,326.46,330.24,22350947
1612535400,331.22,332.4025,329.53,331.36,22731960
1612794600,333.1,333.74,331.41,333.58,20462812
1612881000,332.62,334.81,332.61,333.51,17597478
1612967400,334.99,335.46,329.5,332.75,28068700
1613053800,334.33,335,332.12,334.58,22046071
1613140200,333.71,336.62,332.63,336.45,20346819
1613485800,337.27,338.19,334.34,335.54,27080777
1613572200,332.47,335.657,330.17,333.93,31467456
1613658600,330.23,333.8661,328.36,332.47,32236240
1613745000,333.86,333.99,329.97,331.02,39157677
1614004200,326.5,327.8,322.23,322.44,47256944
1614090600,317,323.2,311,321.48,97241936
1614177000,318.74,324.45,315.96,324.13,58206272
1614263400,321.39,324.03,311.24,312.83,110182582
1614349800,315.85,319.11,310.88,314.14,104739841
1614609000,319.27,323.94,317.935,323.59,49164518
1614695400,324.25,324.33,318.14,318.4,48370034
1614781800,317.27,318.24,309.1,309.16,86301073
1614868200,308.78,312.04,300.11,304.1,139131582
1614954600,306.795,309.609,297.45,308.68,121523726
1615213800,308.12,310.06,299.51,299.94,88409781
1615300200,307.47,313.73,306.92,311.77,80391114
1615386600,316.16,316.47,310.17,310.88,76798065
1615473000,315.77,319.86,314.85,318.04,53484804
1615559400,313.86,318.2302,311.391,315.46,69315601
1615815000,315.79,319,314.095,318.83,43123176
1615901400,321.09,324.2,319.1,320.58,54925896
1615987800,317.45,323.85,315.68,321.9,78258729
1616074200,316.87,317.8801,311.57,312.04,82942269
1616160600,311.87,314.73,309.6601,313.14,78446204
1616419800,315.21,320.74,315.21,318.61,56194755
1616506200,319.73,321.09,316.375,317.22,53455411
1616592600,318.63,318.67,311.72,311.87,64803729
1616679000,309.968,312.885,307.3899,311.33,78729008
1616765400,311.11,316.33,309.67,316,63519634
1617024600,315.45,316.99,312.47,315.91,54607963
1617111000,313.89,314.91,311.54,314.32,44635676
1617197400,316.16,320.74,315.81,319.13,55032535
1617283800,323.07,324.71,322.81,324.57,55685602
1617629400,327.13,331.84,324.6375,331.05,42172475
1617715800,330.73,332.83,330.02,330.82,33537210
1617802200,330.33,332.48,329.37,331.62,32046381
1617888600,334.56,335.27,333.7399,335.08,29940799
1617975000,333.68,337.32,332.92,337.11,36664892
1618234200,336.04,337.1,334.73,336.67,25833013
1618320600,338.24,341.08,338.02,340.6,30374033
1618407000,340.85,340.98,335.67,336.51,42564337
1618493400,339.47,342.01,336.2153,341.61,36342821
1618579800,342.15,342.23,340.08,342.01,40860099
1618839000,340.39,341.58,336.9016,338.88,34533129
1618925400,338.2,339.52,334.3816,336.41,38081818
1619011800,335.09,339.48,333.97,339.29,36598082
1619098200,338.89,339.9,334.01,335.2,45936143
1619184600,335.85,340.767,335.85,339.42,36414916
1619443800,339.67,341.92,338.9,341.63,30811968
1619530200,341.93,342.15,339.17,340.15,33187183
1619616600,339.81,340.85,338.3301,339,33615696
1619703000,342.37,342.8,336.9001,340.22,37708884
1619789400,337.7,340.26,337.05,337.99,38263421
1620048600,339.23,340,335.73,336.19,29729730
1620135000,333.56,333.89,326.21,330.14,65146972
1620221400,332.25,333.14,328.23,329.03,46219307
1620307800,328.76,331.67,326.45,331.51,46814283
1620394200,334.37,336.65,331.6914,334.2,53324460
1620653400,332.78,332.96,325.55,325.76,60700462
1620739800,319.7,326.1299,319.02,325.31,71963612
1620826200,320.23,322.62,316,316.89,91164855
1620912600,319.92,322.4,316.9,319.34,69877765
1620999000,322.6,327.33,322.08,326.39,44370015
1621258200,324.63,326.3721,321.45,324.41,39394997
1621344600,325.39,326.65,321.94,322.22,36528454
1621431000,316.66,322.9,316.3,322.59,66319108
1621517400,324.12,329.71,323.89,328.83,46466135
1621603800,330.43,330.86,326.64,327.01,50330449
1621863000,329.37,333.67,326.9032,332.51,32475771
1621949400,334.07,334.81,331.755,332.97,31280314
1622035800,333.66,334.61,332.95,334.13,25444932
1622122200,333.67,334.54,332.67,332.88,27931747
1622208600,334.12,335.5699,333.6,333.93,29927449
1622554200,335.3,335.785,331.43,332.82,31145424
1622640600,333.25,334.34,331.695,333.47,22047940
1622727000,330.55,331.86,328.28,330,37057825
1622813400,331.85,336.0582,331.78,335.6,38736545
1623072600,335.05,336.66,334.34,336.6,32611852
1623159000,338.395,339.29,335.03,336.76,27282819
1623245400,338.17,338.97,336.651,336.84,21485319
1623331800,337.19,340.46,336.73,340.35,33702067
1623418200,340.36,341.25,339.69,341.24,21222830
1623677400,341.68,344.52,340.46,344.51,27827716
1623763800,344.15,344.47,341.52,342.26,35963780
1623850200,342.74,343.84,337.45,341.01,55399538
1623936600,339.97,346.38,339.92,345.34,59722700
1624023000,343.63,344.8082,341.86,342.63,55414862
1624282200,342.43,344.69,340.15,344.36,32992649
1624368600,344.15,348.03,343.84,347.57,28941626
1624455000,347.51,348.92,346.88,347.74,27188454
1624541400,349.73,351.46,349.17,349.89,32581605
1624627800,350.47,350.72,348.84,349.46,28682801
1624887000,350.78,353.85,350.72,353.71,39130305
1624973400,353.53,355.0199,352.67,354.99,29426039
1625059800,354.83,355.23,353.83,354.43,32723964
1625146200,354.07,355.09,352.68,354.57,29289978
1625232600,356.52,358.97,356.28,358.64,32727244
1625578200,359.26,360.48,356.49,360.19,38842397
1625664600,362.45,362.76,358.94,360.95,35265242
1625751000,355.74,359.65,354.42,358.77,50890021
1625837400,358.17,361.5,357.57,361.01,35184534
1626096600,362.45,362.89,360.83,362.42,25717677
1626183000,362.03,365.465,361.54,362.42,39723015
1626269400,364.83,365.49,362.22,363.07,35336350
1626355800,362.98,363.19,358.46,360.52,53391557
1626442200,361.4,362.41,357.24,357.6,47261961
1626701400,354.05,355.18,352.04,354.67,64404625
1626787800,355.63,360.28,353.8,358.79,42183702
1626874200,358.35,361.56,358.12,361.56,30259860
1626960600,361.77,363.96,361.77,363.95,30252240
1627047000,365.31,368.485,363.9157,368.2,31960799
1627306200,367.49,368.89,366.601,368.49,28438126
1627392600,368.22,368.22,360.16,364.43,57933148
1627479000,365.6,367.45,363.24,365.83,42066195
1627565400,365.25,367.6794,365.25,366.48,25672533
1627651800,362.44,365.17,362.41,364.57,36484649
1627911000,366.28,366.88,363.87,364.6,27334097
1627997400,365.28,366.93,362,366.81,35558511
1628083800,366.77,368.32,365.63,367.34,29602236
1628170200,368.18,369.91,367.45,369.67,21443925
1628256600,368.37,369.37,366.905,368.05,33332107
1628515800,368.52,369.27,367.39,368.73,25960245
1628602200,369.26,369.56,365.62,366.84,35130796
1628688600,368.14,368.65,364.84,366.21,34249812
1628775000,365.69,367.9,364.295,367.53,26003877
1628861400,367.89,369.16,367.38,368.82,19336190
1629120600,367.67,369.02,363.7,368.98,35044107
1629207000,366.15,367.15,363.23,365.73,44793902
1629293400,365.18,366.62,361.865,362.21,38541940
1629379800,360.22,365.68,359.96,363.96,48499368
1629466200,365.06,368.14,364.74,367.73,39486034
1629725400,368.8,373.935,368.79,373.23,34034744
1629811800,373.84,374.99,373.36,374.37,21732913
1629898200,374.63,375.39,373.855,374.8,20441880
1629984600,373.92,374.62,371.97,372.42,29133325
1630071000,373.07,376.56,372.57,376.04,27104749
1630330200,376.85,380.76,376.83,380.26,27295665
1630416600,380.51,380.579,378.36,379.95,29628175
1630503000,381.04,382.71,380.37,380.58,28138311
1630589400,381.97,382.31,379.15,380.4,25503535
1630675800,379.22,381.98,379.2003,381.57,24624937
1631021400,381.68,382.778,380.4882,382.11,23970203
1631107800,381.93,381.93,378.45,380.78,32949159
1631194200,381.01,382.15,379.22,379.47,29398978
1631280600,381.23,381.97,376.245,376.59,40249405
1631539800,378.99,379.43,374.22,376.33,48741781
1631626200,377.86,378.61,374.28,375.26,41826624
1631712600,375.73,378.41,373.37,378.05,34097865
1631799000,376.68,378.9,374.695,378.31,35193083
1631885400,377.82,377.87,372.76,373.83,60912267
1632144600,367.46,369.25,360.93,365.7,76203202
1632231000,367.58,368.81,364.99,366.15,41927483
1632317400,367.09,371.07,365.9584,369.57,46972920
1632403800,370.76,374.04,370.099,372.98,44652002
1632490200,370.65,373.76,370.27,373.33,36056800
1632749400,370.2,371.2516,367.73,370.35,43338079
1632835800,365.67,370.302,359.35,359.87,97701632
1632922200,361.17,363.37,358.635,359.28,58076621
1633008600,360.97,362.68,357.1,357.96,61384577
1633095000,358.6,361.25,354.38,360.18,56375488
1633354200,358.52,358.86,350.32,352.62,76766005
1633440600,353.71,359.69,353.48,357.38,47232904
1633527000,354.08,359.95,353.15,359.67,56806536
1633613400,362.8,365.69,362.25,362.97,39411172
1633699800,364.08,364.3166,360.61,361.16,41822309
1633959000,359.58,363.2,358.3,358.39,34847182
1634045400,359.88,360.33,356.48,357.14,43905101
1634131800,359.51,360.69,357.43,360,40120795
1634218200,363.69,366.85,363.01,366.63,43433867
1634304600,367.88,369.06,366.82,368.94,40419878
1634563800,367.61,372.87,366.99,372.65,34513514
1634650200,373.75,375.52,372.6974,375.47,29090963
1634736600,375.94,376.565,373.46,374.98,31390338
1634823000,374.16,377.47,373.85,377.27,25469277
1634909400,375.98,376.97,372.385,374.1,36275822
1635168600,375.56,378.87,373.56,377.93,32597804
1635255000,380.23,382.71,377.905,379.12,47191279
1635341400,379.58,383.15,379.31,380,45760496
1635427800,381.95,384.48,381.155,384.22,38007005
1635514200,381.06,386.28,380.7,386.11,37310116
1635773400,386.56,387.56,384.42,387.43,30765303
1635859800,386.8,389.54,386.75,389.05,25135292
1635946200,389.55,393.61,388.48,393.18,33748901
1636032600,394.48,399.2,393.92,398.22,40265313
1636119000,400.04,400.99,397.16,398.6,43383802
1636381800,398.57,399.62,397.4,398.06,29256270
1636468200,399.16,399.57,393.92,395.32,50490720
1636554600,392.47,395.36,387.53,389.51,54937385
1636641000,392.57,392.75,390.24,390.59,32242983
1636727400,391.77,395.25,390.13,394.7,34730564
1636986600,395.91,396.24,392.095,394.61,33716861
1637073000,393.86,397.93,393.66,397.42,27872940
1637159400,397.75,399.7196,396.64,397.63,28703263
1637245800,399.73,402.27,397.45,401.75,45721515
1637332200,403.43,405.3,402.58,403.99,45191721
1637591400,405.57,408.71,399.19,399.3,61715370
1637677800,398.11,400.23,392.92,397.48,70098736
1637764200,394.93,399.05,392.54,398.76,46954382
1637937000,396.11,397.54,389.77,391.2,51533314
1638196200,395.89,400.73,395.14,399.69,54447106
1638282600,398.78,401.19,391.75,393.82,81332693
1638369000,398.28,400.48,386.64,387.12,78379245
1638455400,385.8,391.74,384.34,389.91,84416623
1638541800,391.31,392.34,378.9,383.13,105349104
1638801000,383.63,387.6,379.3,386.2,67588801
1638887400,393.03,398.46,392.99,397.83,56005264
1638973800,398.17,399.82,396.22,399.61,39204041
1639060200,398.35,400.2,393.5299,393.73,49973714
1639146600,396.62,398.28,393.36,398.01,52545767
1639405800,398,398.325,391.88,392.26,50166410
1639492200,387.3,390.09,383.63,388.2,75199181
1639578600,387.94,397.4198,383.88,397.05,73858028
1639665000,398.04,398.475,385.21,386.84,82591368
1639751400,383.33,389.19,381.77,384.91,81642848
1640010600,379.565,381.5,377.47,380.69,65336827
1640097000,384.05,389.53,380.201,389.21,48899477
1640183400,388.91,394.16,388.23,393.95,37042200
1640269800,394.31,398.425,394.14,396.92,29595536
1640615400,398.25,403.48,398.2194,403.48,32820705
1640701800,404.4,404.58,400.71,401.61,33113728
1640788200,401.75,403.05,399.11,401.55,32248484
1640874600,401.33,403.5699,399.75,400.35,23850065
1640961000,399.66,401.0589,397.34,397.85,34752884
1641220200,399.05,401.94,396.88,401.68,40575854
1641306600,402.24,402.28,393.288,396.47,58027206
1641393000,394.74,395.89,384.03,384.29,75739847
1641479400,382.42,387.35,380.13,384.02,70814324
1641565800,384.03,385.76,378.04,379.86,72652304
1641825000,374.82,380.64,369.31,380.11,91770497
1641911400,379.355,385.9899,377.2182,385.82,68295698
1641997800,388.46,390.2,385.01,387.35,54576366
1642084200,388.77,389.47,376.7,377.66,77993962
1642170600,375.07,380.35,374.86,380.01,80121210
1642516200,374.04,376.22,369.7704,370.55,75812296
1642602600,372.15,374.69,366.21,366.48,81791482
1642689000,369.79,373.87,361.17,361.72,88610680
1642775400,359.47,362.18,351.4,351.69,143388920
1643034600,345.905,353.98,334.15,353.3,199448109
1643121000,346.67,351.0295,341.68,345.11,124398394
1643207400,352.91,356.88,340.78,344.57,146559524
1643293800,349.4,351.27,340.05,341.1,95255656
1643380200,343.03,352.02,337.95,351.8,108167897
1643639400,353.2,363.65,351.52,363.05,94326389
1643725800,364.43,366.19,359.14,365.52,74433023
1643812200,369.76,370.1,364.285,368.49,78777135
1643898600,358.53,361.93,352.46,353.55,95384771
1643985000,354.08,361.4,351.97,358.01,86318301
1644244200,358.62,361.05,353.84,355.13,58198087
1644330600,353.96,360.24,352.8,359.12,64720897
1644417000,363.76,366.81,362.12,366.73,55766422
1644503400,359.52,366.4885,356.54,358.43,112468483
1644589800,358.43,360.07,345.8,347.06,101569102
1644849000,346.49,350.98,343.89,347.49,80254439
1644935400,352.91,356.37,351.82,356.13,55390805
1645021800,353.82,357.0896,350.71,356.04,58947086
1645108200,352.74,353.46,345.02,345.45,61801353
1645194600,346.41,346.81,339.14,341.51,80001513
1645540200,338.49,344.04,334.35,338.08,85967095
1645626600,341.32,342.183,329.1,329.42,86215371
1645713000,318.84,341.04,318.26,340.49,130614053
1645799400,341.31,345.98,337.39,345.77,78842088
1646058600,342.51,348.54,341.32,346.8,77515544
1646145000,345.75,348.078,338.9,341.49,67407000
1646231400,343.08,348.59,340.24,347.22,70609015
1646317800,349.93,350.04,340.35,342.26,71089385
1646404200,339.84,341.31,334.92,337.3,77009763
1646663400,337.29,338.48,324.65,324.86,89933794
1646749800,324.05,333.21,319.94,323.35,116153921
1646836200,331.75,336.38,329.09,334.99,64723366
1646922600,330.82,332.51,326.71,331.27,69362714
1647009000,334.32,334.64,323.9,324.4,66228432
1647264600,323.13,326.59,317.45,318.17,79802606
1647351000,320.88,328.95,319.23,328.15,76470991
1647437400,332.17,340.44,328.401,340.32,105242954
1647523800,338.37,344.5,337.0406,344.44,67809951
1647610200,342.74,351.79,341.55,351.49,85446347
1647869400,350.2,352.48,345.575,350.08,73799072
1647955800,350.59,357.85,350.2,356.96,63345928
1648042200,354.01,357.66,351.77,351.83,70615457
1648128600,353.8,359.7,351.5939,359.65,53555251
1648215000,359.59,360.67,354.9438,359.35,57584158
1648474200,359.34,365.01,358.07,364.91,56833866
1648560600,368.9,371.83,366.06,371.19,68072955
1648647000,369.275,370.98,365.57,367.09,68757710
1648733400,367.24,367.6,361.68,362.54,67011405
1648819800,362.81,363.61,358.59,361.85,54527761
1649079000,362.71,369.31,362.44,369.3,45950171
1649165400,367.81,368.54,359.93,361.1,62738661
1649251800,355.65,356.78,350.56,353.26,90077072
1649338200,352.24,356.35,348.69,354.1,63777373
1649424600,352.32,353.09,348.5,349.15,61956094
1649683800,344.81,345.75,340.535,340.89,66107401
1649770200,345.76,347.69,338.035,339.45,72790215
1649856600,339.8,347.43,339.06,346.35,61367755
1649943000,346.44,346.97,338.21,338.43,73519367
1650288600,337.35,341.04,335.791,338.69,58560555
1650375000,338.03,346.85,336.98,346.26,56515684
1650461400,347.09,347.56,339.96,341.21,65500022
1650547800,345.19,347.87,333.2,334.15,75801008
1650634200,334.31,335.56,324.96,325.4,82562145
1650893400,323.73,329.9,322.43,329.58,101755856
1650979800,327.47,327.66,316.855,317.14,105819629
1651066200,317.24,322.88,315,316.76,111204164
1651152600,321.85,329.89,317.52,328.01,99449957
1651239000,323.7,327.225,312.6,313.25,91977859
1651498200,312.83,318.72,309.645,318.48,115511770
1651584600,318.5,321.17,315.98,318.82,78185527
1651671000,319.31,330.29,313.891,329.6,116083395
1651757400,325.17,325.25,309.62,313,154607447
1651843800,310.95,315.09,305.105,309.25,139572805
1652103000,303.48,309.3487,295.72,297.15,113387342
1652189400,304.51,305.76,296.57,300.76,124124550
1652275800,298.44,304.09,290.95,291.84,140326148
1652362200,287.45,295.75,284.94,291.15,120910850
1652448600,295.72,302.999,294.0825,301.94,83684931
1652707800,300.15,302.26,297.13,298.44,59190432
1652794200,304.45,306.56,300.55,306.17,62715293
1652880600,301.54,302.25,289.85,291.14,79477109
1652967000,289.29,294.39,287.58,289.58,79920709
1653053400,293.13,293.8,280.21,288.68,91764174
1653312600,289.75,293.87,287.29,293.48,63648400
1653399000,288.125,288.86,282.25,287.24,73491124
1653485400,285.71,293.39,285.5,291.26,67144548
1653571800,290.44,300.92,290.15,299.33,59462231
1653658200,302.54,309.25,302.42,309.1,66985596
1654003800,309.07,311.33,304.33,308.28,60968330
1654090200,310.47,312.65,303.73,306,65341653
1654176600,304.85,314.56,303.4001,314.38,59291333
1654263000,309.03,310.47,304.92,306.2,60914684
1654522200,310.75,312.35,305.62,307.22,51785013
1654608600,303.81,310.67,302.6886,309.87,44900292
1654695000,309.05,311.72,306.77,307.64,38342062
1654781400,305.91,309.05,299.23,299.4,55900475
1654867800,293.65,294.87,288.384,288.84,85963456
1655127000,279.75,282.34,274.53,275.41,94442009
1655213400,277.66,278.66,273.3375,275.91,64697521
1655299800,279.415,286.83,276.61,282.8,86051428
1655386200,275.59,276.06,269.28,271.39,81910297
1655472600,272.18,277.19,270.5119,274.69,82703402
1655818200,278.75,283.45,278.64,281.08,51633741
1655904600,278.52,285.18,277.91,280.67,67472924
1655991000,283.21,285.72,280.31,284.85,57457796
1656077400,287.74,295.04,287.5001,294.61,58422262
1656336600,296,296.5799,291.29,292.45,54151452
1656423000,293,295.65,283.35,283.54,61867060
1656509400,283.4,285.34,280.84,283.8,57302726
1656595800,280.75,283.9441,275.78,280.28,79313580
1656682200,278.95,282.53,277.03,282.13,56675107
1657027800,278.31,287.08,276.7501,286.96,61829272
1657114200,287.35,290.95,285.59,288.8,63194715
1657200600,289.63,295.7,289.63,294.98,56620114
1657287000,292.08,296.75,291.12,295.35,59895478
1657546200,292.88,293.11,288.14,289.04,55273920
1657632600,290.32,292.28,284.61,286.24,55797088
1657719000,280.6,288.05,280.02,285.65,73939418
1657805400,282.99,287.56,279.8,286.67,63741837
1657891800,289.73,291.98,288.08,291.87,63818149
1658151000,294.72,296.16,288.2,289.4,59519581
1658237400,293.11,298.6,291.47,298.3,55172640
1658323800,298.73,304.24,297.9329,303.03,67769430
1658410200,303.5,307.435,300.78,307.38,55049363
1658496600,306.43,308.55,300.115,301.99,57127715
1658755800,302.02,302.5,298.22,300.27,40582381
1658842200,298.53,298.79,293.54,294.37,50074122
1658928600,299.04,308.54,298.46,306.81,69304364
1659015000,306.59,310.3965,302.745,309.81,55139941
1659101400,311.385,316.39,309.931,315.46,57501043
1659360600,313.65,318.81,312.53,315.27,46358833
1659447000,312.92,318.545,311.8401,314.33,48676501
1659533400,316.05,323.7291,315.99,322.89,53735729
1659619800,322.97,324.72,320.77,324.4,38973659
1659706200,319.19,323.83,318.39,321.75,53893972
1659965400,322.69,326.47,319.21,320.71,44066297
1660051800,318.77,319.03,315.42,317.08,39764220
1660138200,324.59,326.23,322.0601,325.93,51459564
1660224600,328.305,330.36,323.36,324.08,45897650
1660311000,326.175,330.585,325.1001,330.39,40928379
1660570200,329.42,333.5652,329.4,333.06,38266614
1660656600,332.055,334.4209,329.16,332.28,41186864
1660743000,329.07,331.43,326.36,328.49,47842155
1660829400,328.44,330.49,326.79,329.28,41937172
1660915800,326.17,326.84,322.08,322.86,51770570
1661175000,318.5,318.74,313.53,314.36,51098890
1661261400,314.12,317,313.33,314.1,39497074
1661347800,313.61,316.87,312.99,315.01,38057059
1661434200,316.83,320.6,315.7577,320.58,38098255
1661520600,320.28,321.51,307.35,307.44,69047740
1661779800,304.62,307.22,303.28,304.41,48321851
1661866200,306.1,306.73,298.44,301.02,51184500
1661952600,303.99,304.91,299.16,299.27,50044041
1662039000,296.72,299.78,292.95,299.4,57990745
1662125400,302.34,303.75,293.52,295.17,64666839
1662471000,295.66,296.6,290.87,293.05,57005444
1662557400,293.54,299.99,293.27,298.97,49260381
1662643800,296.85,301.87,295.45,300.52,55649821
1662730200,302.83,307.6,300.5209,307.09,56125215
1662989400,308.5,311.08,308.18,310.74,45905737
1663075800,301.8,303.02,292.785,293.7,79562172
1663162200,294.865,296.93,293.06,296.03,54907198
1663248600,294.07,296.53,289.46,291.1,65299411
1663335000,287.72,289.72,285.62,289.32,79920391
1663594200,286.1,291.21,286.04,291.05,52613831
1663680600,288.49,291.07,286.38,288.73,51271117
1663767000,289.59,293.95,283.42,283.56,82930963
1663853400,282,283.03,278.815,280.07,62757073
1663939800,277.55,277.85,272.02,275.51,74815189
1664199000,275.03,279.49,273.56,274.37,71176694
1664285400,277.81,280.21,272.11,274.48,69780115
1664371800,274.46,281.25,272.945,279.94,79652140
1664458200,275.86,276.25,268.84,271.87,81215957
1664544600,271.03,275.19,267.1,267.26,78482378
1664803800,269.07,275.16,267.53,273.53,61267449
1664890200,278.99,282.85,278.99,282.13,66696931
1664976600,278.28,283.81,275.42,281.98,55766318
1665063000,280.96,284.18,279.43,279.76,53489411
1665149400,275.02,275.15,267.74,269.1,71354674
1665408600,269.3,269.7,263.64,266.41,60392990
1665495000,264.7,267.63,261.03,262.75,66522509
1665581400,263.4,265.36,261.95,262.66,50580179
1665667800,255.16,270.17,254.26,268.82,112894068
1665754200,271.2,271.81,260.14,260.74,77244302
1666013400,266.84,270.24,266.74,269.35,64576452
1666099800,276.53,277.21,268.74,271.48,69780995
1666186200,269.93,273.68,268.07,270.49,53115405
1666272600,269.58,274.84,267.92,269.11,60605496
1666359000,267.98,275.969,266.8236,275.42,77897694
1666618200,275.69,279.4,271.97,278.45,63963569
1666704600,279.41,284.6,277.9,284.21,59014494
1666791000,278.46,283.98,277.43,277.93,63898246
1666877400,276.79,278.2795,272.34,272.87,57760302
1666963800,272.23,281.698,272.06,281.22,62651312
1667223000,278.92,279.76,275.99,277.95,47741952
1667309400,281.495,282.07,274.74,275.11,45895897
1667395800,275.08,278.21,265.61,265.68,79803142
1667482200,263.01,264.5,260.1,260.49,70038903
1667568600,265.53,266.61,259.08,264.68,78313213
1667831400,265.75,268.14,263.57,267.59,47333828
1667917800,269.14,272.85,265.52,269.54,63213785
1668004200,267.76,268.56,263.03,263.32,64862129
1668090600,276.01,283.05,273.85,282.75,99256693
1668177000,282.56,288.64,281.19,287.96,66961751
1668436200,285.86,289.215,284.44,285.44,55080048
1668522600,292.21,293.26,285.97,289.39,73985372
1668609000,287.39,289.4838,284.6,285.44,48859804
1668695400,280.88,286.3189,280.72,284.81,55462076
1668781800,287.89,287.99,282.3211,284.82,53588631
1669041000,283.4,284.58,281.04,281.89,40083527
1669127400,282.64,286.11,280.46,285.95,41873444
1669213800,285.97,289.46,285.79,288.82,46389967
1669386600,287.19,287.91,286.42,286.92,15498797
1669645800,284.9,286.96,281.76,282.71,38877045
1669732200,282.94,283.35,279.17,280.57,35618878
1669818600,280.84,293.47,279.97,293.36,74718088
1669905000,293.69,295.75,290.88,293.72,51547332
1669991400,288.54,293.45,288.36,292.55,53583172
1670250600,290.38,291.68,286.15,287.64,41482121
1670337000,287.48,287.62,280.255,281.68,53937605
1670423400,280.47,282.57,278.7801,280.53,45614254
1670509800,281.91,284.84,279.79,283.85,42594913
1670596200,282.81,285.64,281.59,282.04,47860487
1670855400,282.22,285.64,281.16,285.58,35732518
1670941800,296.65,296.875,285.91,288.65,80667675
1671028200,288.05,291.41,283.19,286.51,64984432
1671114600,282.33,283.01,275.67,276.89,60554119
1671201000,276.2,277.77,272.61,274.25,68300351
1671460200,273.87,273.96,268.49,269.75,44167920
1671546600,268.56,271.32,266.95,269.54,51064199
1671633000,270.6,274.78,269.74,273.45,46394694
1671719400,270.38,270.5149,262.455,266.76,60278377
1671805800,265.47,268.04,263.53,267.36,39373584
1672151400,266.74,266.85,263.03,263.58,38009005
1672237800,263.17,265.47,259.73,260.1,47139043
1672324200,262.96,267.405,262.25,266.44,45893567
1672410600,263.62,266.41,262.29,266.28,37858277
1672756200,268.65,270.155,262.13,264.48,42335325
1672842600,266.64,267.45,262.53,265.74,47754861
1672929000,264.04,264.21,261.26,261.58,45396744
1673015400,263.35,269.94,260.34,268.8,54659739
1673274600,270.83,275.29,269.92,270.54,45568676
1673361000,269.49,272.94,268.97,272.83,35247763
1673447400,273.92,277.66,273.12,277.55,44077036
1673533800,278.12,280.1,273.74,279.05,60599953
1673620200,276.5,281.219,276.16,280.97,44802936
1673965800,280.77,282.85,279.581,281.54,36269738
1674052200,283.11,284.69,277.67,277.88,47754549
1674138600,276.22,277.375,273.89,275.15,44150436
1674225000,276.79,283.02,275.71,282.68,60613606
1674484200,283.54,290.21,282.73,288.96,52799905
1674570600,287.31,289.55,286.78,288.37,44875146
1674657000,283.77,288.36,281.18,287.73,50872022
1674743400,291.22,293.52,288.519,293.34,51596335
1674829800,292,298.26,291.88,296.26,56441939
1675089000,292.93,294.38,289.89,290.27,49405833
1675175400,290.31,294.72,290.2,294.62,46705106
1675261800,294.41,303.43,292.3,300.92,67562173
1675348200,307.57,313.68,306.73,311.72,83070628
1675434600,304.94,312.39,304.54,306.18,76170804
1675693800,303.51,305.91,302.22,303.59,40802348
1675780200,303.46,311.03,302.32,309.88,67583981
1675866600,308.54,309.5,303.67,304.37,56720860
1675953000,308.84,308.99,300.2,301.68,49137818
1676039400,299.48,301.57,297.25,299.7,50050104
1676298600,301.13,305.1,299.93,304.5,39636720
1676385000,302.89,307.72,300.91,306.75,64079057
1676471400,304.9,309.27,304.2,309.1,43427298
1676557800,304.38,308.43,303.15,303.3,59498630
1676644200,301.07,301.93,298.1,301.16,58230729
1676989800,297.26,298.73,293.89,294.03,46526708
1677076200,294.62,296.3599,292.56,294.25,51389237
1677162600,297.97,298.13,292.55,296.82,69294443
1677249000,291.76,292.97,290.05,291.85,74331958
1677508200,295.07,296.49,293.34,293.94,48995009
1677594600,293.3,296.124,292.96,293.56,48243141
1677681000,293.26,293.93,290.2,291.2,58286972
1677767400,288.66,294.43,288.37,293.61,53738557
1677853800,295.39,299.92,294.87,299.68,60511540
1678113000,300.94,304,299.82,300.02,56736294
1678199400,300.07,301.01,295.72,296.34,65955756
1678285800,296.77,298.43,294.88,297.82,50876265
1678372200,298.33,300.98,291.8299,292.66,71456691
1678458600,292.83,294.35,287.38,288.55,98593561
1678714200,286.73,294.47,285.19,290.69,97123603
1678800600,294.31,297.93,293.45,297.37,73602545
1678887000,294.71,299.27,293.24,298.93,83631535
1678973400,298,307.18,297.19,306.81,98556824
1679059800,306.72,309.15,303.37,305.36,89923732
1679319000,304.26,306.3,302.01,305.97,56359491
1679405400,307.94,310.8,306.395,310.34,49757048
1679491800,310.27,315.25,305.95,306.12,75791914
1679578200,309.92,314.15,307.01,309.75,74575981
1679664600,309.32,310.99,306.95,310.89,57245803
1679923800,311.6,312.7,307.89,308.76,50287407
1680010200,308.17,308.2,304.774,307.12,48585917
1680096600,310.88,313.35,310.05,312.72,53274266
1680183000,315.24,316.32,312.8088,315.68,58354808
1680269400,315.91,321.17,315.6,320.93,62138097
1680528600,318.77,320.42,317.4201,320.15,47126839
1680615000,320.6,321.63,317.8251,319.07,45875384
1680701400,318.1,319.06,314.07,315.92,62795706
1680787800,314.24,318.55,312.82,318.05,46916496
1681133400,315.07,317.92,313.25,317.87,45134736
1681219800,317.83,317.89,315.31,315.83,40113594
1681306200,317.82,318.42,312.565,313.04,62813305
1681392600,314.83,319.65,313.63,319.17,54613792
1681479000,317.59,320.36,315.61,318.57,56278284
1681738200,318.15,319.1999,316.04,318.84,43007023
1681824600,320.99,321.42,317.64,318.86,46746940
1681911000,316.41,319.79,316.28,318.71,38960127
1681997400,315.69,319.27,314.97,316.28,62462142
1682083800,315.91,317.4,314.1,316.61,59002285
1682343000,316.38,317.7391,313.74,315.95,44043063
1682429400,314.29,314.97,309.89,309.99,57121644
1682515800,313.44,314.935,311.34,311.87,55400496
1682602200,315.7,320.86,315.05,320.35,65430392
1682688600,320.11,322.65,318.96,322.56,59712635
1682947800,322.09,323.63,321.09,322.19,41013386
1683034200,322.12,322.45,317.61,319.38,56519407
1683120600,319.75,322.47,317.18,317.29,59882070
1683207000,317.06,318.23,315.115,316.17,50224520
1683293400,318.47,323.76,316.2116,322.89,51806098
1683552600,322.42,324.04,321.315,323.69,36465796
1683639000,322,322.88,321.32,321.64,31768800
1683725400,324.12,326.01,321.6,325.14,60446623
1683811800,325.7,326.75,324.12,326.2,44278548
1683898200,326.74,327.17,322.94,325.03,48432836
1684157400,325.51,327.03,323.96,326.79,33375559
1684243800,326.06,328.9025,326.02,327.16,40019151
1684330200,328.24,331.71,327.04,331.12,47486124
1684416600,331.52,337.49,331.5,337.27,64213466
1684503000,337.49,338.205,335.43,336.51,61554926
1684762200,336.25,338.67,336.24,337.64,43015948
1684848600,335.89,337.06,333,333.36,48216663
1684935000,331.37,332.905,329.56,331.65,62891169
1685021400,339.14,341.01,336.665,339.72,66862773
1685107800,340.76,349.245,340.66,348.4,63006952
1685453400,352.71,353.93,348.53,349.98,72652156
1685539800,348.37,350.6,346.51,347.99,65105378
1685626200,347.73,353.36,346.66,352.01,50488601
1685712600,353.8,355.83,352.01,354.65,53372113
1685971800,354.43,357.495,353.85,354.9,47266228
1686058200,354.28,355.82,352.93,354.84,41390400
1686144600,355.13,357.12,348.18,348.82,69225936
1686231000,349.12,353.62,348.89,353.15,47153922
1686317400,354.63,357.66,353.03,354.5,53196927
1686576600,356.19,360.59,355.2,360.49,44817646
1686663000,363.29,364.11,360.03,363.26,57097804
1686749400,363.27,366.19,360.42,365.9,69525642
1686835800,364.61,371.77,363.98,370.26,71138823
1686922200,372.72,372.85,367.48,367.93,80931971
1687267800,365.95,368.32,363.8899,366.9,49204722
1687354200,365.74,366.18,360.96,361.9,53378256
1687440600,360.63,366.33,360.22,366.17,47603043
1687527000,362.21,364.88,360.8227,362.54,48922911
1687786200,362,364.84,357.59,357.68,52685478
1687872600,359.25,364.57,358.51,363.83,49428091
1687959000,361.98,366.52,361.9038,364.54,46498031
1688045400,364.24,364.89,362.14,363.81,46150967
1688131800,367.55,370.49,367.23,369.42,58712501
1688391000,370.07,370.93,368.97,370.29,19432862
1688563800,368.695,372.01,368.66,370.28,34460883
1688650200,366.51,367.91,364.52,367.46,49374728
1688736600,367.23,370.48,366.01,366.24,47133749
1688995800,365.96,367.05,363.41,366.36,48498800
1689082200,366.79,368.632,364.62,368.17,38214146
1689168600,372.34,374.19,370.3,372.82,61703696
1689255000,376.05,379.99,375.46,379.15,46960012
1689341400,379.585,382.86,378.18,379.07,55148500
1689600600,379.8,383.5,379.31,382.61,40868915
1689687000,381.96,387.13,380,385.74,55343438
1689773400,386.82,387.98,384.3,385.65,54092958
1689859800,382.61,384.095,375.72,376.76,71941674
1689946200,379.18,379.92,375.191,375.63,60499643
1690205400,376.62,377.58,374.34,376.23,40380056
1690291800,376.95,380.47,376.93,378.78,38894384
1690378200,377.72,379.24,375.18,377.52,47075710
1690464600,383.07,384.71,375.31,376.62,63940225
1690551000,380.74,384.52,380.22,383.48,56902926
1690810200,383.79,384.88,382.34,383.68,44019905
1690896600,382.31,383.56,380.69,382.79,41308457
1690983000,379.26,379.26,373.13,374.39,72687107
1691069400,371.94,375.95,371.77,373.79,47855381
1691155800,375.75,378.1,371.53,372.04,61702759
1691415000,373.88,375.29,371.51,375.19,37230444
1691501400,372.64,372.66,368.82,372,44726453
1691587800,372.29,372.45,367.14,367.91,51150900
1691674200,370.97,374.36,367.035,368.59,72035265
1691760600,365.99,368,364.69,366.24,48707187
1692019800,365.43,370.47,364.7,370.35,42130802
1692106200,369.36,370.169,365.74,366.42,45539891
1692192600,365.87,367.43,362.44,362.54,53190525
1692279000,363.96,364.31,358.16,358.58,62604338
1692365400,355.26,359.41,354.71,358.13,61191389
1692624600,359.62,364.59,359.15,363.9,50696518
1692711000,366.55,366.56,362.68,363.38,44613509
1692797400,364.58,370.22,364.36,369.11,51770603
1692883800,372.64,372.74,361.01,361.22,66842491
1692970200,362.07,365.74,358.58,364.02,69960465
1693229400,366.99,367.71,364.25,366.76,40910019
1693315800,366.56,375.13,366.231,374.77,58492371
1693402200,374.88,377.4467,373.86,376.86,41731511
1693488600,376.94,379.719,376.87,377.99,35730701
1693575000,380.4,380.83,376.0801,377.59,39801177
1693920600,376.77,379.3093,375.83,378.07,32344222
1694007000,377.28,377.63,372.7,374.74,42998735
1694093400,370.21,372.85,369.15,372.06,52060716
1694179800,372.01,374.85,371.6,372.58,35847359
1694439000,375.66,377.49,373.66,376.97,39936634
1694525400,375.27,376.9517,372.5,372.79,41391024
1694611800,373.03,375.84,371.88,374.21,46300677
1694698200,375.99,378.27,373.89,377.27,48039388
1694784600,375.91,376.32,369.86,370.81,69811206
1695043800,369.32,371.79,369.03,370.66,36903545
1695130200,369.32,370.6826,366.8,369.87,37621734
1695216600,370.95,371.31,364.46,364.54,45514189
1695303000,360.8,361.6,357.69,357.86,69734845
1695389400,359.63,361.8,357.59,357.91,51589689
1695648600,356.93,359.7,355.93,359.61,39167985
1695735000,356.99,357.54,353.2101,354.21,53657748
1695821400,355.38,356.98,351.36,355.04,56065972
1695907800,354.11,360.17,353.24,358.01,56453312
1695994200,361.54,362.95,357.02,358.27,64829616
1696253400,358.54,362.68,357.92,361.26,51625054
1696339800,358.78,361.01,353.275,354.92,60478489
1696426200,355.77,360.61,355.3,359.75,54786686
1696512600,359.74,360.15,355.14,358.69,45897390
1696599000,355.65,365.91,354.85,364.7,75049119
1696858200,362.3,367.11,360.78,366.56,45304766
1696944600,366.9,371.28,366.39,368.59,46968806
1697031000,369.94,371.412,368.19,371.22,38215088
1697117400,371.73,373.74,367.5,369.93,49587942
1697203800,370.57,371.16,363.86,365.28,52519876
1697463000,366.62,370.48,366.47,369.41,44201059
1697549400,365.81,369.92,363.66,368.2,50999102
1697635800,365.67,367.91,362.02,363.37,54280490
1697722200,364.81,366.02,359.16,359.97,72274238
1697808600,359.46,360.04,354.37,354.6,72559723
1698067800,353.26,359.26,351.1199,355.67,60665185
1698154200,357.51,359.91,355.79,359.13,47082078
1698240600,356.7,356.88,349.75,350.34,71190536
1698327000,349.12,350.07,342.35,343.66,78621425
1698413400,346.43,348.84,344.08,345.31,63476707
1698672600,347.83,350.54,346.45,349.2,55298536
1698759000,349.23,351.25,346.62,350.87,47671906
1698845400,351.72,357.5298,351.62,356.96,58992666
1698931800,361.54,363.68,360.3,363.44,58162442
1699018200,364.75,369.02,364.52,367.71,53280457
1699281000,368.49,369.78,366.91,369.21,38848743
1699367400,370.27,373.58,369.045,372.7,50777398
1699453800,373.08,373.79,370.62,372.94,35663373
1699540200,373.64,374.8,369.57,370.07,53859421
1699626600,371.82,378.54,371.28,378.39,58368439
1699885800,376.79,378.28,375.24,377.21,40733505
1699972200,383.71,386.26,383.18,385.33,67792634
1700058600,387.25,387.75,384.235,385.62,54141385
1700145000,384.84,386.19,383.56,385.95,45343544
1700231400,385.21,387.07,384.29,386.04,46622745
1700490600,386.05,391.41,386.05,390.74,44536669
1700577000,389.01,389.23,386.7,388.47,43336989
1700663400,390.57,393.07,389.04,390.06,44178572
1700836200,389.65,390.25,388.5,389.51,15718832
1701095400,389.01,391.1499,388.28,389.17,34139656
1701181800,388.41,390.78,388.05,390.19,35491123
1701268200,392.69,394.14,389.46,389.81,38811745
1701354600,390.08,390.55,385.82,388.83,52834381
1701441000,387.75,390.54,386.0726,389.94,40490068
1701700200,386.09,386.595,382.66,386.32,51186944
1701786600,384.39,388.5,384.21,387.29,42932956
1701873000,390.27,390.37,384.7,385.05,41994072
1701959400,388.07,391.27,386.96,390.43,49593545
1702045800,388.67,392.62,388.4801,392.17,46687525
1702305000,391.74,395.79,391.53,395.52,41198021
1702391400,395.56,398.79,394.41,398.67,39221152
1702477800,399.62,404.36,398.8399,403.74,55408129
1702564200,404.98,406.3,400.34,403.39,55447808
1702650600,404.18,406.5399,403.57,405.34,62896645
1702909800,404.93,407.99,404.6,407.08,46609985
1702996200,407.54,409.28,407.345,409.16,35711855
1703082600,408.35,410.4699,402.9,403.08,54042443
1703169000,407.06,408.14,404.47,407.77,45568914
1703255400,409,409.97,406.4787,408.38,34314003
1703601000,409.25,411.56,409.15,410.88,22722545
1703687400,410.95,411.7875,410.08,411.5,31980481
1703773800,412.67,412.92,410.94,411.3,27029152
1703860200,411.28,411.64,407.58,409.52,42662120
1704205800,405.84,406.09,400.24,402.59,58026946
1704292200,399.93,401,397.89,398.33,47002803
1704378600,396.44,399.59,396.06,396.28,39432797
1704465000,396.45,399.56,395.34,396.75,44922810
1704724200,397.99,405.24,397.8399,404.95,42473796
1704810600,401.91,406.69,401.71,405.75,39132860
1704897000,406.07,409.515,405.17,408.5,33962774
1704983400,409.79,411.2004,404.242,409.35,54536198
1705069800,410.4,411.25,408.15,409.56,39594952
1705415400,408.31,411.12,406.83,409.52,43903027
1705501800,406.17,407.585,402.92,407.21,54385974
1705588200,410.52,413.575,409.1601,412.99,59562505
1705674600,415.22,421.34,414.625,421.18,70325123
1705933800,423.41,424.7275,421.12,421.73,44880639
1706020200,422.43,423.7,420.57,423.48,33003806
1706106600,427.44,429.85,425.33,425.83,46948016
1706193000,428.36,429.04,423.98,426.35,44367205
1706279400,424.44,426.21,423.15,423.81,37137028
1706538600,424.27,428.35,423.61,428.15,38694724
1706625000,427.1,427.68,424.38,425.3,36738956
1706711400,420.85,422.8699,416.79,416.97,64010649
1706797800,418.79,422.375,417.81,421.88,51008622
1706884200,423.8,430.24,422.79,429.01,59602435
1707143400,429.07,429.61,425,428.45,39889209
1707229800,429.61,430.22,425.22,427.59,35846134
1707316200,430.41,432.83,429.09,431.99,37712661
1707402600,432.11,433.56,431.42,432.79,29889892
1707489000,433.94,437.845,433.1401,437.05,36943905
1707748200,436.94,439.14,434.65,435.34,33203305
1707834600,427.28,431.27,425.3305,428.55,64491669
1707921000,431.26,433.65,428.8799,433.22,45092722
1708007400,433.92,434.98,431.33,434.51,38796137
1708093800,434.89,434.99,429.85,430.57,53716475
1708439400,428.55,430.08,423.5,427.32,53999452
1708525800,424.55,425.7,421.63,425.61,50179697
1708612200,434.49,439.12,433.71,438.07,53887751
1708698600,439.65,440.59,435.79,436.78,39853861
1708957800,437.6,438.6,436.355,436.55,33043238
1709044200,437.67,437.99,435.025,437.6,33713220
1709130600,435.43,436.67,434.3,435.27,32938821
1709217000,438.23,440.09,435.02,439,42495152
1709303400,439.9,446.58,439.84,445.61,43853029
1709562600,445.61,446.04,443.77,444.02,34325687
1709649000,440.94,440.95,433.65,436.05,57917135
1709735400,440.32,441.99,436.89,438.79,46234460
1709821800,442.42,446.72,440.86,445.45,44526666
1709908200,445.81,448.64,438.34,439.02,72095957
1710163800,437.51,438.66,435.44,437.39,45859992
1710250200,439.73,444.02,436.46,443.66,55300909
1710336600,442.65,442.67,439.12,440.25,37928691
1710423000,441.5,442.03,436.39,439.14,52195208
1710509400,436.07,438.8733,432.7417,433.92,73069824
1710768600,438.73,441.04,437.24,437.48,47323802
1710855000,435.45,438.98,433.33,438.57,43004105
1710941400,439.78,444.11,438.06,443.77,43653490
1711027800,448.88,449.34,445.67,445.87,39345652
1711114200,445.35,447.49,444.49,446.38,28253899
1711373400,443.55,446.26,442.54,444.76,27789154
1711459800,446.3,447.225,443.09,443.32,34142043
1711546200,446.44,446.54,441.93,444.83,41359240
1711632600,444.78,445.64,443.65,444.01,36839641
1711978200,444.97,447.53,443.02,444.95,38728951
1712064600,440.08,441.43,438.03,441.11,44259665
1712151000,438.96,444,438.95,442.1,39949750
1712237400,446.33,446.95,435.11,435.34,57267660
1712323800,436.78,443.17,435.96,440.47,54744634
1712583000,441.41,442.5,439.2,440.6,28144944
1712669400,442.96,443.24,437.44,442.23,39521568
1712755800,437,439.24,436.28,438.37,61502191
1712842200,440.26,446.33,437.96,445.37,45474550
1712928600,441.1,442.24,436.88,438.27,53664995
1713187800,442.06,442.15,430.21,431.06,63453622
1713274200,430.9,433.76,429.7,431.1,47618961
1713360600,433.1,433.12,424.9,425.84,56880536
1713447000,426.49,428.24,422.83,423.41,46549363
1713533400,422.22,422.75,413.07,414.65,75230990
1713792600,417.31,421.18,413.94,418.82,47807663
1713879000,420.77,426.28,418.8715,425.07,44384741
1713965400,428.2,429.73,424.2,426.51,48440305
1714051800,419.24,425.32,418.14,424.45,57392169
1714138200,427.62,432.55,426.92,431,41874907
1714397400,433.13,433.76,429.98,432.75,30022161
1714483800,431.15,432.56,424.51,424.59,43665934
1714570200,423.15,430.14,420.66,421.52,52251707
1714656600,425.3,427.81,420.63,426.9,36559007
1714743000,434.44,436.48,432.62,435.48,48515252
1715002200,437.3,440.34,436.52,440.25,30227200
1715088600,440.7,441.97,439.58,440.32,30996094
1715175000,437.67,441.48,437.55,440.06,24896723
1715261400,440.33,441.6,438.46,441.02,24580121
1715347800,442.54,444.31,440.499,442.06,27116566
1715607000,443.99,444.09,441.65,443.08,22994192
1715693400,442.65,446.465,442.46,445.93,34478321
1715779800,448.43,453.15,446.9,452.9,41464651
1715866200,452.71,454.69,451.81,451.98,34780412
1715952600,452.11,452.72,449.5399,451.76,35803719
1716211800,451.98,455.58,451.785,454.91,24474226
1716298200,453.04,455.99,452.84,455.8,23167720
1716384600,456.06,456.82,453.08,455.71,25120040
1716471000,460.55,460.58,451.8503,453.66,40899230
1716557400,455.29,459.23,453.5674,457.95,29669461
1716903000,459.18,459.74,456.69,459.68,26216815
1716989400,455.48,458.24,455.34,456.44,29739238
1717075800,455.5,455.64,450.21,451.55,30714121
1717162200,451.78,452.48,443.055,450.71,55941301
1717421400,454.57,455.58,447.9,453.13,32997467
1717507800,452.87,455.575,451.1311,454.37,23767436
1717594200,457.98,463.61,454.408,463.53,33817409
1717680600,464.22,464.54,462.19,463.37,21966820
1717767000,463,465.74,461.84,462.96,25829720
1718026200,461.82,465.19,461.53,464.83,20719771
1718112600,463.54,468.14,462.03,468.02,22053281
1718199000,471.99,476.5,471.29,474.15,34532585
1718285400,477.72,478.39,474.42,476.72,25859014
1718371800,476.52,479.26,476.05,479.19,23372620
1718631000,479.46,486.86,478.14,485.06,37054504
1718717400,485.01,485.9,483.43,485.21,24438565
1718890200,486.42,486.8387,479.62,481.47,33918683
1718976600,481.19,482.535,478.67,480.18,39432913
1719235800,478.18,479.93,473.82,473.96,37750969
1719322200,476.07,479.68,475.12,479.38,29250209
1719408600,478.55,480.92,478.13,480.37,22737105
1719495000,480.12,483.1,479.3,481.61,26222135
1719581400,482.41,487.2,478.46,479.11,34881581
1719840600,480.04,482.49,476.255,481.92,24898336
1719927000,480.41,487.04,480.28,486.98,26723559
1720013400,486.22,491.17,486.22,491.04,18064880
1720186200,491.89,496.6,491.59,496.16,28495936
1720445400,496.53,497.895,495.5,497.34,22109420
1720531800,498.87,500,496.24,497.77,25701253
1720618200,499.71,503.52,498.39,502.96,28046901
1720704600,503.07,503.28,490.725,491.93,49966590
1720791000,492.51,499.62,492.04,494.82,37109399
1721050200,496.61,501.01,494.09,496.15,31151386
1721136600,497.62,498.44,493.15,496.34,25950622
1721223000,488.28,488.7984,481.7,481.77,56268768
1721309400,485.53,485.71,476.27,479.49,49347361
1721395800,479.15,481.69,473.94,475.24,42042856
1721655000,481.16,483.35,477.7068,482.32,40299999
1721741400,481.41,484.43,480.14,480.62,23282454
1721827800,473.82,474.19,462.51,463.38,58818629
1721914200,463.72,467.94,455.63,458.27,59256759
1722000600,462.65,465.93,459.77,462.97,39992132
1722259800,465.71,467.91,461.615,463.9,28218476
1722346200,465.85,466.561,454.15,457.53,41317210
1722432600,467.87,472.79,466.41,471.07,44552134
1722519000,471.76,475.55,455.98,459.66,56653900
1722605400,450.89,453.57,444.47,448.75,66323244
1722864600,424.71,442.29,423.45,435.37,87483452
1722951000,437.23,447.07,434.56,439.53,63164429
1723037400,446.49,449,434.37,434.77,54929163
1723123800,441.06,448.99,437.15,448.07,47890071
1723210200,446.74,452.06,445.61,450.41,33573976
1723469400,451.39,454.37,448.5546,451.38,27795006
1723555800,455.82,462.85,455.68,462.58,40084457
1723642200,463.51,465.1093,458.4,462.73,34733746
1723728600,468.76,474.82,468.38,474.42,38280565
1723815000,472.62,476.41,471.65,475.03,38383623
1724074200,475.17,481.31,473.37,481.27,23737674
1724160600,480.35,482.94,478.55,480.26,29209340
1724247000,481.05,484.37,479.32,482.5,25658787
1724333400,484.84,485.54,473.81,474.85,37739576
1724419800,479.24,482.74,475.28,480,36061508
1724679000,479.45,480.38,473.24,475.34,27452641
1724765400,473.69,477.84,471.71,476.76,27510003
1724851800,476.29,477.02,467.89,471.35,37372436
1724938200,473.28,477.93,469.372,470.66,41081465
1725024600,475.04,476.9,470.51,476.27,33466473
1725370200,473.2,473.33,459.4101,461.81,44985219
1725456600,458.67,464.45,457.73,460.61,32505102
1725543000,458.97,465.36,457.939,461.04,34452385
1725629400,460.33,461.22,448.19,448.69,50624385
1725888600,453.06,455.46,449.823428,454.46,32981169
1725975000,456.24,459.17,452.23,458.66,29680319
1726061400,459.91,469.37,451.28,468.62,57842992
1726147800,468.65,474.04,466.8491,473.22,40175456
1726234200,472.48,476.53,472.25,475.34,29111849
1726493400,473.19,473.8599,469.89,473.24,22585596
1726579800,476.29,477.6,470.97,473.49,30084438
1726666200,474.7,478.83,470.83,471.44,39909215
1726752600,482.61,486.23,480.49,483.36,52782523
1726839000,482.49,483.69,478.3,482.44,34577663
1727098200,482.95,484.14,481.6,483.04,24842972
1727184600,484.46,486.33,480.17,485.37,25952637
1727271000,484.74,487.79,484.56,485.82,26549866
1727357400,493.37,493.7,485.8,489.47,32020206
1727443800,490.5,490.64,485.56,486.75,22851120
1727703000,485.78,488.41,482.92,488.07,30330605
1727789400,487.7,488,477.4,481.27,42735424
1727875800,480.36,483.88,477.72,481.95,23744049
1727962200,479.74,484.545,478.99,481.59,25337220
1728048600,487.45,487.88,482.385,487.32,30744909
1728307800,485.39,486.57,480.87,482.1,24975119
1728394200,484.66,489.99,483.845,489.3,28272017
1728480600,489,493.73,487.95,493.15,24994950
1728567000,490.85,494.47,489.53,492.59,25750446
1728653400,490.74,494.39,490.17,493.36,20644497
1728912600,495.77,498.83,495.26,497.5,26060145
1728999000,497.83,498.5,488.68,490.85,34784506
1729085400,491.18,491.69,487.57,490.91,22996776
1729171800,496.44,496.49,491.1901,491.25,27210658
1729258200,494.06,495.57,493.3,494.47,25335030
1729517400,493.25,496.23,491.31,495.42,30336549
1729603800,492.73,497.445,491.97,495.96,26685841
1729690200,493.59,494.25,485.05,488.36,39346565
1729776600,492.11,493,489.44,492.32,22024930
1729863000,495.14,500.28,494.43,495.32,38762143
1730122200,498.46,498.52,495.1,495.4,20477778
1730208600,495.72,501.35,493.85,500.16,28014059
1730295000,499.39,500.35,495.89,496.38,29755960
1730381400,492.38,492.43,483.75,483.85,41245248
1730467800,485.5,490.7507,485.2,487.43,33655757
1730730600,486.82,489.38,484.2545,486.01,23291580
1730817000,487.61,492.88,487.52,492.21,24353615
1730903400,500.56,506.41,499.6,505.58,43082198
1730989800,508.4,514.33,508.34,513.54,32853120
1731076200,513.035,514.9175,512.41,514.14,22924483
1731335400,515.37,515.58,510.92,513.84,24167479
1731421800,513.77,514.66,509.83,512.91,25835288
1731508200,512.4,514.98,509.95,512.25,24567416
1731594600,511.91,512.79,507.77,508.69,28679519
1731681000,502.94,503.33,494.49,496.57,51461054
1731940200,498.13,502.14,496.73,500.02,27192662
1732026600,497.42,503.9536,497.08,503.46,24523020
1732113000,503.16,503.48,496.555,503.17,29565491
1732199400,506.24,506.96,497.56,504.98,34526738
1732285800,504.42,506.53,502.78,505.79,23826644
1732545000,509.9,511.4525,504.2625,506.59,26375166
1732631400,508.08,510.14,507.23,509.31,26557061
1732717800,508.17,508.24,501.93,505.3,24957441
1732890600,505.93,510.34,505.31,509.74,15333968
1733149800,511.01,516.26,510.62,515.29,25147165
1733236200,513.95,517.15,513.37,516.87,18597900
1733322600,520.32,523.52,519.6,523.26,26086222
1733409000,523.31,524.0399,521.42,521.81,18169632
1733495400,522.48,526.72,522.35,526.48,23762611
1733754600,525.55,526.35,521.22,522.38,20674405
1733841000,523.62,525.38,519.16,520.6,24350040
1733927400,525,530.61,524.59,529.92,32168579
1734013800,527.68,528.96,526.02,526.5,23577504
1734100200,530.46,533.1661,527.3001,530.53,28780405
1734359400,533.08,539.15,533,538.17,31979863
1734445800,536.36,537.48,534.13,535.8,28579070
1734532200,535.15,536.8799,515.01,516.47,54703155
1734618600,521.19,521.7599,513.83,514.17,46441754
1734705000,510.44,524.82,509.29,518.66,60529961
1734964200,519.55,523.25,516.13,522.87,29672800
1735050600,524.83,530.05,524.19,529.96,17558215
1735223400,528.32,531.24,526.31,529.6,19141494
1735309800,526.01,526.45,517.86,522.56,33839555
1735569000,515.51,519.36,511.83,515.61,34584028
1735655400,516.9,517.66,510.26,511.23,29117028
1735828200,514.3,516.64,505.71,510.23,36389783
1735914600,513.35,519.6454,512.53,518.58,29059520
1736173800,524.02,527.92,522.03,524.54,36109734
1736260200,525.59,525.99,513.28,515.18,36690272
1736346600,515.08,516.9199,510.57,515.27,30777777
1736519400,511.48,511.58,503.92,507.19,40532495
1736778600,501.2,506.02,499.7,505.56,31694210
1736865000,508.74,510.155,501.59,505.08,33737237
1736951400,513.03,517.85,511.46,516.7,34957554
1737037800,518.98,519.0599,512.95,513.08,28229037
1737124200,522.85,524.0733,513.1086,521.74,51837941
1737469800,524.48,525.97,520.06,524.8,23627971
1737556200,529.57,533.82,529.26,531.51,33592988
1737642600,529.04,532.76,528.45,532.64,23096588
1737729000,533.02,533.79,528.15,529.63,19878251
1737988200,511,517.99,510.15,514.21,60771695
1738074600,515.22,523,511.78,521.81,33194214
1738161000,522.46,522.59,516.8988,520.83,26649011
1738247400,523.71,526.095,518.21,523.05,27431302
1738333800,526.92,531.5178,521.19,522.29,38845467
1738593000,513.47,520.8496,511.05,518.11,40580835
1738679400,518.63,525.11,518.23,524.47,26046753
1738765800,521.82,527.01,520.62,526.85,21134070
1738852200,527.36,529.81,525.7413,529.6,19434454
1738938600,530.14,532.1,522.19,522.92,29605470
1739197800,527.22,530.3571,526.75,529.25,20852784
1739284200,525.96,529.92,525.83,527.99,19325500
1739370600,522.3,529.19,521.95,528.3,25009362
1739457000,529.98,536.22,529.19,535.9,28714799
1739543400,536.005,538.84,535.67,538.15,17862572
1739889000,539.73,540,536.04,539.37,20565028
1739975400,538.57,540.81,536.46,539.52,19666861
1740061800,538.73,539.1,532.46,537.23,26550753
1740148200,538.38,538.4,525.71,526.08,47093750
1740407400,527.88,529.069,519.53,519.87,39268392
1740493800,519.24,519.32,509.44,513.32,48940025
1740580200,515.53,519.66,511.37,514.56,34457618
1740666600,518.13,519.0699,500.05,500.27,52447966
1740753000,500.13,508.78,496.93,508.17,47654043
1741012200,511.52,513.04,493.58,497.05,44587204
1741098600,494.18,503.74,487.735,495.55,67875402
1741185000,496.2,503.63,491.26,502.01,46323725
1741271400,493.69,498.58,486.2,488.2,57574332
1741357800,487.16,493.28,480.53,491.79,54714726
1741613400,483.45,483.97,468.66,472.73,76668029
1741699800,472.35,478.805,467.01,471.6,68760771
1741786200,479.16,481.06,471.79,476.92,46971082
1741872600,476.25,476.2801,466.43,468.34,46563349
1741959000,473.73,480.56,473.12,479.66,43563010
1742218200,479.61,485.84,477.8,482.77,41744354
1742304600,479.41,479.61,472.41,474.54,39072265
1742391000,476.81,485.33,474.87,480.89,40430334
1742477400,476.88,484.55,476.18,479.26,36780549
1742563800,474.08,481.61,472.905,480.84,42234874
1742823000,487.74,491.51,484.4,490.66,34567186
1742909400,491.39,493.62,490.42,493.46,26035241
1742995800,492.3,493.16,482.82,484.38,35043357
1743082200,482.41,486.5799,480.25,481.62,33469817
1743168600,479.81,480.52,468.05,468.94,46363797
1743427800,461.92,469.86,457.33,468.92,53000303
1743514200,467.3,473.63,464.42,472.7,41156226
1743600600,466.12,479.56,465.86,476.15,49894489
1743687000,456.44,460.07,450.14,450.66,70456338
1743773400,438.14,440.37,422.67,422.67,117088441
1744032600,408.66,443.14,402.39,423.69,161556970
1744119000,438.16,443.1384,409.79,416.06,101248060
1744205400,415.57,467.83,415.43,466,142876878
1744291800,453.56,455.59,432.63,446.18,108384092
1744378200,444.65,455.79,441.33,454.4,52483779
1744637400,464.46,465.05,452.63,457.48,43941179
1744723800,458.54,462.38,456.15,457.99,35404210
1744810200,449.03,452.62,437.76,444.18,48980552
1744896600,447.17,447.75,441.36,444.1,44837047
1745242200,438.23,439.08,427.93,433.11,44149313
1745328600,438.82,447.58,437.62,444.48,52304388
1745415000,458.17,463.38,452.88,454.56,55801136
1745501400,456.48,467.66,455.83,467.35,45956136
1745587800,466.97,473.09,465.39,472.56,38697063
1745847000,473.03,474.808,466.03,472.41,33550778
1745933400,470.17,476.4243,469.59,475.53,30613120
1746019800,467.13,477.2,462.43,475.47,46810610
1746106200,483.41,487.18,480.74,481.68,43316539
1746192600,486.54,490.91,484.83,488.83,39218082
1746451800,484.6,489.03,484.1,485.93,28309490
1746538200,479.56,485.05,478.19,481.41,32763484
1746624600,482.08,485.8,476.782,483.3,38094749
1746711000,488.53,492.7,484.17,491.62,30679118
